[
    {
        "icon": "icon glosario",
        "slug": "glosario",
        "title": "Glosario",
        "path": "pages/glosario.html"
    },   
    {
        "icon": "fa fa-folder-open-o",
        "slug": "material-complementario",
        "title": "Material complementario",
        "path": "pages/material-complementario.html"
    },    
    {
        "icon": "icon referencias",
        "slug": "referencias",
        "title": "Referencias bibliográficas",
        "breadcrumb": ["Referencias bibliográficas"],
        "path": "pages/referencias.html"
    },
    {
        "icon": "fa fa-download",
        "slug": "external",
        "title": "Descargar material",
        "path": "download/material.zip"
    }    
]